country,product_name,month,total_sold,product_id,country_id
Iceland,Shampoo,4,180,3,2
Denmark,Detergent,9,99,1,0
Iceland,Shampoo,12,237,3,2
Norway,Soap,7,108,4,3
Denmark,Conditioner,12,112,0,0
Finland,Shampoo,1,211,3,1
Norway,Detergent,10,208,1,3
Sweden,Lotion,12,193,2,4
Denmark,Soap,6,138,4,0
Sweden,Soap,8,107,4,4
Iceland,Conditioner,10,146,0,2
Finland,Conditioner,9,217,0,1
Sweden,Soap,1,144,4,4
Norway,Detergent,6,192,1,3
Finland,Soap,5,218,4,1
Denmark,Detergent,4,81,1,0
Iceland,Conditioner,3,149,0,2
Iceland,Conditioner,9,154,0,2
Norway,Conditioner,10,170,0,3
Sweden,Detergent,12,257,1,4
Sweden,Detergent,4,206,1,4
Sweden,Lotion,10,180,2,4
Denmark,Conditioner,7,96,0,0
Norway,Toothpaste,11,146,5,3
Denmark,Detergent,3,101,1,0
Denmark,Toothpaste,2,120,5,0
Finland,Toothpaste,1,288,5,1
Sweden,Detergent,4,218,1,4
Norway,Conditioner,3,169,0,3
Iceland,Conditioner,10,139,0,2
Norway,Lotion,8,210,2,3
Norway,Toothpaste,8,119,5,3
Iceland,Shampoo,11,229,3,2
Iceland,Detergent,1,192,1,2
Norway,Conditioner,8,171,0,3
Iceland,Shampoo,6,194,3,2
Denmark,Detergent,11,109,1,0
Norway,Conditioner,3,159,0,3
Iceland,Lotion,3,134,2,2
Finland,Detergent,5,73,1,1
Finland,Shampoo,4,176,3,1
Norway,Toothpaste,6,105,5,3
Denmark,Conditioner,2,81,0,0
Finland,Shampoo,4,197,3,1
Sweden,Soap,7,126,4,4
Finland,Lotion,11,114,2,1
Iceland,Soap,5,178,4,2
Denmark,Detergent,10,103,1,0
Sweden,Shampoo,11,304,3,4
Denmark,Lotion,3,82,2,0
Denmark,Soap,8,150,4,0
Denmark,Soap,8,141,4,0
Sweden,Soap,10,131,4,4
Finland,Shampoo,3,184,3,1
Norway,Conditioner,2,176,0,3
Iceland,Toothpaste,3,206,5,2
Sweden,Lotion,6,177,2,4
Finland,Lotion,4,98,2,1
Norway,Soap,12,117,4,3
Sweden,Detergent,10,213,1,4
Iceland,Conditioner,1,187,0,2
Norway,Conditioner,4,152,0,3
Sweden,Toothpaste,10,120,5,4
Denmark,Detergent,2,94,1,0
Denmark,Toothpaste,1,124,5,0
Denmark,Shampoo,1,252,3,0
Denmark,Conditioner,11,91,0,0
Finland,Shampoo,11,211,3,1
Iceland,Detergent,2,176,1,2
Norway,Lotion,10,214,2,3
Norway,Lotion,4,189,2,3
Denmark,Shampoo,3,217,3,0
Denmark,Conditioner,10,76,0,0
Iceland,Conditioner,7,154,0,2
Norway,Conditioner,12,196,0,3
Sweden,Toothpaste,1,153,5,4
Sweden,Shampoo,9,242,3,4
Iceland,Shampoo,2,205,3,2
Iceland,Toothpaste,11,258,5,2
Denmark,Lotion,6,81,2,0
Finland,Toothpaste,10,267,5,1
Iceland,Detergent,3,164,1,2
Norway,Conditioner,4,156,0,3
Sweden,Toothpaste,8,129,5,4
Finland,Toothpaste,10,245,5,1
Norway,Shampoo,4,241,3,3
Sweden,Shampoo,12,282,3,4
Norway,Soap,1,132,4,3
Norway,Toothpaste,10,133,5,3
Sweden,Detergent,9,218,1,4
Iceland,Soap,10,168,4,2
Sweden,Toothpaste,12,178,5,4
Iceland,Soap,4,161,4,2
Finland,Lotion,7,95,2,1
Iceland,Shampoo,9,213,3,2
Iceland,Soap,3,161,4,2
Sweden,Conditioner,5,117,0,4
Iceland,Toothpaste,4,193,5,2
Sweden,Lotion,3,162,2,4
Finland,Lotion,12,112,2,1
Finland,Conditioner,3,223,0,1
Norway,Shampoo,9,238,3,3
Iceland,Lotion,3,135,2,2
Norway,Conditioner,4,154,0,3
Norway,Lotion,3,199,2,3
Norway,Shampoo,10,241,3,3
Iceland,Detergent,6,154,1,2
Sweden,Soap,5,112,4,4
Iceland,Shampoo,10,205,3,2
Denmark,Toothpaste,9,107,5,0
Sweden,Lotion,10,154,2,4
Norway,Toothpaste,3,120,5,3
Iceland,Toothpaste,4,201,5,2
Iceland,Lotion,5,149,2,2
Norway,Lotion,2,201,2,3
Denmark,Detergent,12,113,1,0
Norway,Detergent,1,253,1,3
Finland,Shampoo,2,166,3,1
Norway,Soap,4,91,4,3
Iceland,Toothpaste,2,215,5,2
Norway,Shampoo,10,229,3,3
Finland,Detergent,6,67,1,1
Iceland,Soap,9,156,4,2
Denmark,Shampoo,10,208,3,0
Norway,Toothpaste,6,99,5,3
Finland,Detergent,2,101,1,1
Denmark,Toothpaste,11,130,5,0
Norway,Detergent,6,214,1,3
Denmark,Shampoo,11,249,3,0
Sweden,Soap,12,167,4,4
Sweden,Lotion,10,171,2,4
Denmark,Toothpaste,6,113,5,0
Denmark,Detergent,6,75,1,0
Finland,Conditioner,7,233,0,1
Iceland,Conditioner,6,156,0,2
Iceland,Conditioner,4,152,0,2
Iceland,Conditioner,2,135,0,2
Denmark,Lotion,12,100,2,0
Denmark,Lotion,1,107,2,0
Finland,Toothpaste,4,254,5,1
Sweden,Shampoo,10,236,3,4
Sweden,Shampoo,10,243,3,4
Finland,Lotion,5,88,2,1
Iceland,Detergent,11,195,1,2
Denmark,Shampoo,12,265,3,0
Finland,Detergent,11,98,1,1
Sweden,Detergent,7,214,1,4
Sweden,Shampoo,6,248,3,4
Iceland,Shampoo,2,198,3,2
Denmark,Detergent,10,85,1,0
Sweden,Lotion,8,158,2,4
Iceland,Toothpaste,9,193,5,2
Finland,Lotion,5,118,2,1
Denmark,Conditioner,10,75,0,0
Finland,Detergent,12,122,1,1
Sweden,Detergent,11,219,1,4
Norway,Toothpaste,5,103,5,3
Iceland,Detergent,12,200,1,2
Norway,Conditioner,5,148,0,3
Finland,Shampoo,5,180,3,1
Finland,Soap,9,240,4,1
Denmark,Lotion,1,85,2,0
Iceland,Lotion,5,156,2,2
Finland,Soap,4,226,4,1
Norway,Conditioner,9,144,0,3
Finland,Conditioner,1,273,0,1
Norway,Toothpaste,9,111,5,3
Sweden,Conditioner,3,112,0,4
Norway,Toothpaste,12,151,5,3
Finland,Shampoo,12,211,3,1
Iceland,Toothpaste,7,198,5,2
Denmark,Soap,9,160,4,0
Sweden,Toothpaste,2,130,5,4
Iceland,Detergent,9,148,1,2
Denmark,Detergent,1,119,1,0
Norway,Shampoo,12,262,3,3
Norway,Lotion,12,236,2,3
Sweden,Lotion,8,176,2,4
Norway,Shampoo,4,235,3,3
Denmark,Toothpaste,12,127,5,0
Iceland,Soap,8,166,4,2
Sweden,Detergent,5,211,1,4
Finland,Toothpaste,3,243,5,1
Finland,Lotion,11,121,2,1
Sweden,Shampoo,12,284,3,4
Sweden,Detergent,3,215,1,4
Norway,Lotion,11,228,2,3
Sweden,Shampoo,1,298,3,4
Sweden,Soap,6,140,4,4
Sweden,Shampoo,1,298,3,4
Denmark,Shampoo,7,222,3,0
Sweden,Soap,6,132,4,4
Finland,Conditioner,4,225,0,1
Denmark,Lotion,10,69,2,0
Sweden,Toothpaste,11,135,5,4
Sweden,Detergent,9,227,1,4
Finland,Soap,6,238,4,1
Finland,Shampoo,4,181,3,1
Iceland,Shampoo,7,210,3,2
Norway,Detergent,5,201,1,3
Iceland,Soap,3,181,4,2
Sweden,Lotion,1,196,2,4
Finland,Conditioner,2,212,0,1
Sweden,Conditioner,4,116,0,4
Iceland,Conditioner,2,145,0,2
Denmark,Lotion,10,58,2,0
Iceland,Lotion,2,143,2,2
Finland,Conditioner,5,227,0,1
Sweden,Toothpaste,10,139,5,4
Iceland,Conditioner,5,155,0,2
Finland,Conditioner,10,241,0,1
Denmark,Soap,11,176,4,0
Norway,Toothpaste,4,97,5,3
Finland,Detergent,12,116,1,1
Finland,Toothpaste,7,236,5,1
Iceland,Detergent,5,157,1,2
Finland,Toothpaste,12,306,5,1
Sweden,Detergent,3,207,1,4
Denmark,Shampoo,11,252,3,0
Sweden,Shampoo,4,262,3,4
Iceland,Lotion,9,138,2,2
Norway,Conditioner,1,195,0,3
Denmark,Shampoo,7,232,3,0
Finland,Toothpaste,6,239,5,1
Sweden,Toothpaste,6,128,5,4
Finland,Toothpaste,6,264,5,1
Sweden,Conditioner,8,103,0,4
Finland,Soap,2,249,4,1
Denmark,Conditioner,12,87,0,0
Denmark,Detergent,7,117,1,0
Denmark,Toothpaste,8,115,5,0
Sweden,Toothpaste,1,140,5,4
Sweden,Toothpaste,4,117,5,4
Iceland,Detergent,4,177,1,2
Iceland,Lotion,12,157,2,2
Norway,Shampoo,9,214,3,3
Finland,Detergent,3,86,1,1
Denmark,Toothpaste,1,124,5,0
Denmark,Shampoo,2,198,3,0
Finland,Toothpaste,10,229,5,1
Sweden,Toothpaste,11,154,5,4
Finland,Shampoo,6,196,3,1
Finland,Conditioner,4,221,0,1
Iceland,Shampoo,9,191,3,2
Finland,Shampoo,9,186,3,1
Finland,Lotion,11,124,2,1
Sweden,Shampoo,2,227,3,4
Norway,Shampoo,11,267,3,3
Sweden,Detergent,10,190,1,4
Finland,Conditioner,9,220,0,1
Iceland,Soap,7,152,4,2
Iceland,Shampoo,11,217,3,2
Iceland,Soap,5,162,4,2
Denmark,Conditioner,6,100,0,0
Denmark,Toothpaste,3,108,5,0
Finland,Conditioner,4,213,0,1
Sweden,Toothpaste,5,131,5,4
Sweden,Shampoo,3,250,3,4
Iceland,Conditioner,7,138,0,2
Sweden,Conditioner,10,102,0,4
Iceland,Shampoo,2,197,3,2
Iceland,Conditioner,12,168,0,2
Finland,Lotion,2,81,2,1
Norway,Soap,10,112,4,3
Finland,Lotion,10,86,2,1
Norway,Shampoo,6,217,3,3
Denmark,Lotion,11,100,2,0
Iceland,Soap,12,192,4,2
Norway,Soap,6,101,4,3
Norway,Detergent,8,204,1,3
Finland,Lotion,7,98,2,1
Norway,Soap,11,144,4,3
Sweden,Detergent,5,204,1,4
Denmark,Shampoo,4,223,3,0
Iceland,Soap,5,154,4,2
Iceland,Toothpaste,8,240,5,2
Iceland,Soap,8,158,4,2
Denmark,Soap,12,169,4,0
Finland,Conditioner,10,200,0,1
Iceland,Conditioner,10,155,0,2
Denmark,Soap,9,145,4,0
Denmark,Shampoo,5,217,3,0
Norway,Shampoo,2,232,3,3
Denmark,Lotion,3,79,2,0
Finland,Lotion,1,123,2,1
Denmark,Conditioner,5,104,0,0
Finland,Detergent,7,101,1,1
Norway,Detergent,4,215,1,3
Norway,Conditioner,10,148,0,3
Norway,Toothpaste,9,123,5,3
Sweden,Toothpaste,11,135,5,4
Norway,Soap,2,109,4,3
Iceland,Lotion,5,128,2,2
Sweden,Soap,7,127,4,4
Iceland,Soap,12,193,4,2
Iceland,Conditioner,1,178,0,2
Sweden,Detergent,12,256,1,4
Sweden,Shampoo,3,235,3,4
Iceland,Soap,6,158,4,2
Finland,Detergent,7,88,1,1
Norway,Shampoo,2,228,3,3
Norway,Soap,7,105,4,3
Iceland,Shampoo,5,181,3,2
Denmark,Shampoo,10,203,3,0
Denmark,Shampoo,10,208,3,0
Iceland,Toothpaste,10,199,5,2
Denmark,Toothpaste,5,119,5,0
Sweden,Detergent,3,194,1,4
Finland,Soap,11,272,4,1
Norway,Detergent,7,201,1,3
Sweden,Shampoo,8,256,3,4
Sweden,Lotion,1,196,2,4
Norway,Conditioner,4,159,0,3
Denmark,Shampoo,6,201,3,0
Finland,Soap,5,230,4,1
Norway,Toothpaste,7,107,5,3
Sweden,Conditioner,4,109,0,4
Finland,Soap,8,209,4,1
Denmark,Shampoo,3,226,3,0
Iceland,Soap,5,161,4,2
Norway,Shampoo,7,226,3,3
Sweden,Soap,10,120,4,4
Denmark,Toothpaste,9,115,5,0
Finland,Detergent,4,104,1,1
Iceland,Soap,6,154,4,2
Iceland,Lotion,1,167,2,2
Sweden,Shampoo,4,250,3,4
Iceland,Lotion,9,150,2,2
Iceland,Lotion,7,133,2,2
Denmark,Shampoo,4,208,3,0
Sweden,Conditioner,2,106,0,4
Iceland,Detergent,8,160,1,2
Finland,Detergent,10,85,1,1
Finland,Toothpaste,7,234,5,1
Norway,Conditioner,10,166,0,3
Sweden,Soap,2,126,4,4
Denmark,Soap,3,132,4,0
Norway,Soap,9,118,4,3
Iceland,Soap,9,163,4,2
Norway,Detergent,7,196,1,3
Denmark,Soap,1,170,4,0
Norway,Conditioner,3,162,0,3
Norway,Toothpaste,6,101,5,3
Denmark,Detergent,12,119,1,0
Finland,Detergent,9,98,1,1
Iceland,Conditioner,6,159,0,2
Norway,Detergent,9,186,1,3
Iceland,Soap,4,134,4,2
Norway,Soap,4,103,4,3
Denmark,Conditioner,7,89,0,0
Iceland,Conditioner,5,139,0,2
Sweden,Toothpaste,10,140,5,4
Sweden,Shampoo,2,245,3,4
Iceland,Shampoo,5,196,3,2
Denmark,Lotion,5,67,2,0
Norway,Toothpaste,2,104,5,3
Iceland,Soap,2,144,4,2
Iceland,Detergent,4,154,1,2
Sweden,Toothpaste,6,122,5,4
Denmark,Shampoo,9,208,3,0
Sweden,Lotion,6,151,2,4
Sweden,Soap,10,123,4,4
Denmark,Toothpaste,12,148,5,0
Norway,Soap,4,124,4,3
Finland,Conditioner,10,212,0,1
Denmark,Detergent,1,130,1,0
Denmark,Lotion,12,89,2,0
Iceland,Toothpaste,11,240,5,2
Sweden,Shampoo,4,241,3,4
Norway,Conditioner,12,209,0,3
Finland,Soap,12,283,4,1
Denmark,Soap,11,185,4,0
Finland,Detergent,11,108,1,1
Iceland,Conditioner,7,163,0,2
Iceland,Toothpaste,5,192,5,2
Finland,Detergent,9,74,1,1
Norway,Soap,3,118,4,3
Sweden,Conditioner,10,111,0,4
Iceland,Soap,10,167,4,2
Norway,Lotion,9,191,2,3
Iceland,Detergent,7,165,1,2
Norway,Detergent,6,220,1,3
Sweden,Detergent,1,249,1,4
Finland,Toothpaste,1,283,5,1
Denmark,Soap,4,156,4,0
Denmark,Lotion,9,98,2,0
Norway,Toothpaste,6,112,5,3
Sweden,Shampoo,8,243,3,4
Iceland,Lotion,3,127,2,2
Sweden,Lotion,7,175,2,4
Sweden,Conditioner,7,108,0,4
Finland,Detergent,8,77,1,1
Finland,Lotion,1,103,2,1
Denmark,Detergent,3,95,1,0
Denmark,Soap,4,141,4,0
Norway,Shampoo,8,223,3,3
Iceland,Shampoo,12,248,3,2
Denmark,Conditioner,8,97,0,0
Sweden,Detergent,10,214,1,4
Iceland,Detergent,3,159,1,2
Iceland,Conditioner,11,195,0,2
Denmark,Lotion,6,94,2,0
Norway,Toothpaste,1,139,5,3
Norway,Toothpaste,6,119,5,3
Denmark,Lotion,12,98,2,0
Finland,Soap,12,267,4,1
Sweden,Conditioner,12,116,0,4
Finland,Toothpaste,2,250,5,1
Norway,Soap,10,114,4,3
Iceland,Conditioner,10,161,0,2
Iceland,Lotion,10,146,2,2
Norway,Shampoo,2,224,3,3
Denmark,Conditioner,6,58,0,0
Sweden,Conditioner,11,116,0,4
Finland,Toothpaste,8,229,5,1
Sweden,Soap,11,171,4,4
Iceland,Toothpaste,10,201,5,2
Norway,Conditioner,11,204,0,3
Denmark,Toothpaste,5,110,5,0
Sweden,Shampoo,12,306,3,4
Denmark,Conditioner,8,69,0,0
Norway,Toothpaste,2,109,5,3
Denmark,Shampoo,12,259,3,0
Denmark,Conditioner,4,71,0,0
Iceland,Shampoo,5,200,3,2
Denmark,Conditioner,9,91,0,0
Sweden,Lotion,2,161,2,4
Norway,Detergent,5,205,1,3
Norway,Soap,5,99,4,3
Sweden,Conditioner,11,122,0,4
Finland,Toothpaste,10,259,5,1
Finland,Conditioner,3,241,0,1
Finland,Shampoo,1,208,3,1
Denmark,Conditioner,2,98,0,0
Denmark,Shampoo,9,227,3,0
Finland,Soap,1,263,4,1
Denmark,Lotion,7,79,2,0
Finland,Soap,9,200,4,1
Iceland,Lotion,8,134,2,2
Finland,Shampoo,9,185,3,1
Sweden,Toothpaste,5,125,5,4
Finland,Lotion,10,93,2,1
Finland,Detergent,8,84,1,1
Finland,Shampoo,2,177,3,1
Sweden,Lotion,4,170,2,4
Finland,Detergent,6,83,1,1
Sweden,Detergent,4,205,1,4
Iceland,Lotion,12,161,2,2
Finland,Toothpaste,8,228,5,1
Denmark,Soap,12,160,4,0
Denmark,Toothpaste,4,103,5,0
Finland,Lotion,5,108,2,1
Denmark,Shampoo,5,222,3,0
Sweden,Toothpaste,4,141,5,4
Sweden,Lotion,8,153,2,4
Denmark,Lotion,1,95,2,0
Sweden,Shampoo,12,306,3,4
Denmark,Conditioner,6,91,0,0
Norway,Soap,11,168,4,3
Sweden,Toothpaste,2,133,5,4
Sweden,Lotion,4,172,2,4
Iceland,Shampoo,10,193,3,2
Sweden,Shampoo,6,244,3,4
Norway,Soap,10,97,4,3
Finland,Conditioner,1,284,0,1
Norway,Detergent,3,194,1,3
Denmark,Toothpaste,12,125,5,0
Denmark,Conditioner,11,101,0,0
Norway,Soap,9,125,4,3
Denmark,Conditioner,1,102,0,0
Denmark,Shampoo,12,249,3,0
Norway,Lotion,5,169,2,3
Denmark,Toothpaste,11,136,5,0
Finland,Lotion,3,94,2,1
Denmark,Conditioner,6,74,0,0
Denmark,Conditioner,2,90,0,0
Finland,Lotion,6,80,2,1
Finland,Detergent,6,92,1,1
Iceland,Toothpaste,2,201,5,2
Norway,Shampoo,4,227,3,3
Finland,Detergent,10,94,1,1
Finland,Soap,3,223,4,1
Iceland,Toothpaste,3,209,5,2
Norway,Toothpaste,11,120,5,3
Iceland,Detergent,12,184,1,2
Norway,Lotion,11,228,2,3
Sweden,Soap,12,159,4,4
Finland,Conditioner,9,224,0,1
Sweden,Toothpaste,12,144,5,4
Denmark,Detergent,5,97,1,0
Iceland,Soap,6,151,4,2
Sweden,Toothpaste,12,153,5,4
Norway,Shampoo,8,214,3,3
Iceland,Toothpaste,6,206,5,2
Norway,Lotion,2,196,2,3
Finland,Soap,6,228,4,1
Sweden,Soap,9,126,4,4
Denmark,Soap,5,158,4,0
Norway,Detergent,10,199,1,3
Iceland,Conditioner,5,144,0,2
Sweden,Detergent,1,273,1,4
Sweden,Detergent,11,239,1,4
Finland,Soap,2,211,4,1
Finland,Shampoo,3,179,3,1
Iceland,Toothpaste,1,256,5,2
Sweden,Soap,2,125,4,4
Sweden,Detergent,1,244,1,4
Iceland,Toothpaste,3,184,5,2
Finland,Toothpaste,8,231,5,1
Iceland,Conditioner,12,171,0,2
Denmark,Lotion,11,97,2,0
Norway,Lotion,9,195,2,3
Denmark,Shampoo,3,202,3,0
Finland,Toothpaste,11,283,5,1
Iceland,Toothpaste,10,218,5,2
Finland,Soap,9,215,4,1
Sweden,Detergent,5,205,1,4
Sweden,Soap,11,156,4,4
Denmark,Soap,6,152,4,0
Finland,Soap,5,218,4,1
Iceland,Lotion,1,154,2,2
Sweden,Conditioner,5,115,0,4
Finland,Conditioner,9,209,0,1
Denmark,Conditioner,10,82,0,0
Norway,Detergent,1,260,1,3
Norway,Lotion,2,185,2,3
Finland,Detergent,1,104,1,1
Finland,Lotion,4,100,2,1
Denmark,Shampoo,8,215,3,0
Finland,Toothpaste,3,242,5,1
Denmark,Soap,1,170,4,0
Norway,Toothpaste,10,110,5,3
Sweden,Conditioner,6,115,0,4
Finland,Toothpaste,12,294,5,1
Denmark,Soap,2,143,4,0
Finland,Shampoo,8,179,3,1
Iceland,Lotion,11,170,2,2
Denmark,Detergent,2,113,1,0
Denmark,Lotion,4,83,2,0
Finland,Toothpaste,12,282,5,1
Norway,Detergent,4,191,1,3
Iceland,Shampoo,9,191,3,2
Denmark,Detergent,4,105,1,0
Denmark,Detergent,3,115,1,0
Iceland,Shampoo,7,208,3,2
Iceland,Detergent,8,156,1,2
Denmark,Lotion,8,81,2,0
Denmark,Toothpaste,8,115,5,0
Sweden,Shampoo,11,291,3,4
Iceland,Soap,12,179,4,2
Sweden,Lotion,6,163,2,4
Sweden,Soap,7,125,4,4
Iceland,Toothpaste,11,227,5,2
Norway,Shampoo,8,215,3,3
Iceland,Shampoo,2,204,3,2
Norway,Detergent,5,200,1,3
Denmark,Soap,7,168,4,0
Sweden,Shampoo,6,250,3,4
Iceland,Toothpaste,11,246,5,2
Denmark,Soap,11,190,4,0
Sweden,Detergent,7,205,1,4
Denmark,Toothpaste,1,130,5,0
Finland,Conditioner,6,214,0,1
Iceland,Soap,1,200,4,2
Norway,Shampoo,12,272,3,3
Finland,Lotion,1,106,2,1
Sweden,Lotion,11,197,2,4
Sweden,Detergent,9,231,1,4
Finland,Toothpaste,11,282,5,1
Denmark,Lotion,8,91,2,0
Finland,Shampoo,5,177,3,1
Denmark,Lotion,7,75,2,0
Finland,Toothpaste,6,245,5,1
Sweden,Soap,3,136,4,4
Norway,Soap,6,128,4,3
Sweden,Detergent,9,200,1,4
Iceland,Soap,7,160,4,2
Norway,Conditioner,3,157,0,3
Iceland,Shampoo,10,193,3,2
Denmark,Lotion,4,82,2,0
Sweden,Shampoo,6,244,3,4
Denmark,Shampoo,2,198,3,0
Finland,Toothpaste,9,227,5,1
Iceland,Detergent,5,163,1,2
Norway,Conditioner,1,188,0,3
Finland,Shampoo,6,181,3,1
Finland,Detergent,2,72,1,1
Norway,Lotion,8,191,2,3
Norway,Shampoo,5,232,3,3
Norway,Lotion,3,173,2,3
Denmark,Lotion,8,87,2,0
Finland,Toothpaste,6,244,5,1
Iceland,Toothpaste,6,222,5,2
Sweden,Shampoo,4,243,3,4
Norway,Detergent,10,203,1,3
Denmark,Toothpaste,6,120,5,0
Finland,Soap,11,262,4,1
Norway,Toothpaste,7,107,5,3
Sweden,Conditioner,12,141,0,4
Iceland,Conditioner,3,154,0,2
Norway,Soap,12,137,4,3
Denmark,Toothpaste,2,115,5,0
Sweden,Lotion,4,173,2,4
Denmark,Soap,2,142,4,0
Norway,Conditioner,6,177,0,3
Denmark,Shampoo,6,225,3,0
Denmark,Soap,7,144,4,0
Sweden,Conditioner,3,116,0,4
Norway,Soap,11,132,4,3
Sweden,Detergent,2,208,1,4
Sweden,Shampoo,9,261,3,4
Iceland,Soap,3,162,4,2
Denmark,Detergent,12,124,1,0
Finland,Lotion,8,85,2,1
Norway,Shampoo,1,260,3,3
Sweden,Toothpaste,1,159,5,4
Finland,Soap,4,230,4,1
Iceland,Detergent,2,159,1,2
Sweden,Lotion,3,175,2,4
Denmark,Lotion,2,82,2,0
Norway,Lotion,9,197,2,3
Sweden,Toothpaste,3,116,5,4
Sweden,Detergent,4,205,1,4
Sweden,Lotion,10,176,2,4
Sweden,Lotion,1,190,2,4
Denmark,Detergent,5,113,1,0
Iceland,Detergent,3,155,1,2
Norway,Toothpaste,8,113,5,3
Sweden,Soap,3,115,4,4
Norway,Toothpaste,2,104,5,3
Sweden,Soap,8,136,4,4
Sweden,Conditioner,11,140,0,4
Norway,Detergent,9,201,1,3
Iceland,Shampoo,4,175,3,2
Sweden,Detergent,12,261,1,4
Denmark,Toothpaste,5,100,5,0
Iceland,Shampoo,6,197,3,2
Finland,Conditioner,8,222,0,1
Sweden,Toothpaste,3,140,5,4
Iceland,Lotion,8,150,2,2
Denmark,Soap,3,135,4,0
Iceland,Conditioner,4,147,0,2
Finland,Shampoo,11,215,3,1
Norway,Lotion,4,183,2,3
Norway,Lotion,9,197,2,3
Finland,Soap,10,234,4,1
Denmark,Shampoo,2,234,3,0
Finland,Shampoo,12,219,3,1
Denmark,Toothpaste,6,103,5,0
Denmark,Detergent,10,104,1,0
Finland,Soap,3,241,4,1
Norway,Toothpaste,10,122,5,3
Norway,Toothpaste,2,105,5,3
Norway,Detergent,3,212,1,3
Denmark,Soap,2,132,4,0
Denmark,Detergent,8,79,1,0
Norway,Lotion,1,241,2,3
Sweden,Conditioner,7,112,0,4
Denmark,Shampoo,2,208,3,0
Denmark,Shampoo,1,262,3,0
Sweden,Detergent,11,242,1,4
Iceland,Conditioner,4,167,0,2
Norway,Lotion,10,187,2,3
Denmark,Shampoo,12,276,3,0
Denmark,Conditioner,4,83,0,0
Norway,Toothpaste,11,122,5,3
Sweden,Conditioner,4,115,0,4
Norway,Detergent,6,222,1,3
Denmark,Soap,3,148,4,0
Denmark,Detergent,9,97,1,0
Denmark,Conditioner,1,109,0,0
Sweden,Toothpaste,5,116,5,4
Sweden,Conditioner,2,117,0,4
Sweden,Soap,1,147,4,4
Sweden,Lotion,11,214,2,4
Iceland,Detergent,4,153,1,2
Sweden,Detergent,11,260,1,4
Iceland,Shampoo,4,218,3,2
Norway,Shampoo,6,218,3,3
Iceland,Detergent,2,155,1,2
Denmark,Detergent,1,137,1,0
Denmark,Detergent,6,114,1,0
Iceland,Toothpaste,4,208,5,2
Denmark,Detergent,6,93,1,0
Denmark,Toothpaste,3,111,5,0
Finland,Conditioner,11,257,0,1
Sweden,Shampoo,3,233,3,4
Denmark,Conditioner,9,93,0,0
Iceland,Soap,6,180,4,2
Finland,Lotion,11,114,2,1
Finland,Shampoo,2,176,3,1
Iceland,Conditioner,4,165,0,2
Norway,Shampoo,5,231,3,3
Denmark,Lotion,2,76,2,0
Iceland,Toothpaste,2,206,5,2
Norway,Conditioner,9,161,0,3
Denmark,Detergent,2,106,1,0
Finland,Toothpaste,7,233,5,1
Iceland,Lotion,5,151,2,2
Finland,Conditioner,7,233,0,1
Denmark,Shampoo,2,217,3,0
Finland,Lotion,2,95,2,1
Iceland,Conditioner,5,152,0,2
Iceland,Toothpaste,8,200,5,2
Finland,Toothpaste,1,291,5,1
Denmark,Toothpaste,12,122,5,0
Norway,Conditioner,6,164,0,3
Finland,Lotion,8,91,2,1
Norway,Shampoo,10,215,3,3
Iceland,Soap,1,203,4,2
Denmark,Shampoo,6,225,3,0
Sweden,Toothpaste,8,134,5,4
Denmark,Lotion,3,74,2,0
Norway,Detergent,6,211,1,3
Sweden,Shampoo,10,239,3,4
Sweden,Lotion,9,149,2,4
Denmark,Shampoo,8,202,3,0
Iceland,Detergent,8,164,1,2
Norway,Detergent,2,210,1,3
Finland,Conditioner,5,228,0,1
Iceland,Soap,11,185,4,2
Finland,Shampoo,6,188,3,1
Iceland,Lotion,1,174,2,2
Iceland,Toothpaste,2,229,5,2
Sweden,Conditioner,1,122,0,4
Norway,Soap,5,109,4,3
Sweden,Detergent,8,197,1,4
Iceland,Shampoo,8,199,3,2
Denmark,Shampoo,1,264,3,0
Finland,Toothpaste,9,230,5,1
Iceland,Conditioner,6,160,0,2
Denmark,Shampoo,5,209,3,0
Norway,Conditioner,2,154,0,3
Denmark,Toothpaste,2,120,5,0
Sweden,Soap,7,127,4,4
Sweden,Detergent,2,197,1,4
Iceland,Soap,8,172,4,2
Denmark,Toothpaste,3,123,5,0
Finland,Detergent,2,92,1,1
Denmark,Conditioner,10,82,0,0
Norway,Shampoo,5,207,3,3
Iceland,Detergent,3,165,1,2
Finland,Conditioner,2,222,0,1
Denmark,Soap,7,145,4,0
Denmark,Detergent,5,120,1,0
Iceland,Conditioner,2,153,0,2
Finland,Toothpaste,2,226,5,1
Finland,Lotion,9,94,2,1
Denmark,Detergent,7,93,1,0
Sweden,Conditioner,4,123,0,4
Norway,Toothpaste,1,135,5,3
Finland,Shampoo,8,186,3,1
Denmark,Toothpaste,3,97,5,0
Norway,Conditioner,11,188,0,3
Sweden,Toothpaste,2,130,5,4
Sweden,Conditioner,9,114,0,4
Iceland,Soap,8,181,4,2
Norway,Shampoo,7,225,3,3
Denmark,Toothpaste,2,111,5,0
Norway,Lotion,8,188,2,3
Denmark,Soap,10,147,4,0
Sweden,Soap,12,154,4,4
Sweden,Toothpaste,4,112,5,4
Denmark,Conditioner,1,104,0,0
Sweden,Shampoo,8,232,3,4
Iceland,Lotion,6,148,2,2
Iceland,Detergent,7,163,1,2
Denmark,Soap,8,146,4,0
Sweden,Lotion,3,165,2,4
Iceland,Lotion,3,136,2,2
Norway,Soap,7,97,4,3
Iceland,Soap,11,210,4,2
Iceland,Conditioner,7,156,0,2
Sweden,Toothpaste,10,130,5,4
Norway,Lotion,10,196,2,3
Norway,Detergent,12,228,1,3
Iceland,Toothpaste,5,216,5,2
Sweden,Lotion,4,175,2,4
Sweden,Conditioner,9,104,0,4
Sweden,Soap,2,129,4,4
Denmark,Shampoo,10,213,3,0
Finland,Lotion,10,107,2,1
Norway,Lotion,7,200,2,3
Sweden,Lotion,12,214,2,4
Norway,Conditioner,5,167,0,3
Denmark,Shampoo,11,261,3,0
Norway,Soap,5,121,4,3
Norway,Soap,12,145,4,3
Finland,Detergent,6,84,1,1
Iceland,Lotion,11,164,2,2
Denmark,Lotion,8,98,2,0
Denmark,Lotion,10,84,2,0
Iceland,Lotion,12,160,2,2
Finland,Detergent,4,88,1,1
Norway,Lotion,6,190,2,3
Norway,Toothpaste,2,104,5,3
Finland,Shampoo,12,216,3,1
Finland,Lotion,7,93,2,1
Denmark,Detergent,9,107,1,0
Norway,Conditioner,9,133,0,3
Iceland,Detergent,6,148,1,2
Finland,Detergent,8,88,1,1
Norway,Shampoo,8,227,3,3
Denmark,Soap,10,136,4,0
Finland,Soap,7,234,4,1
Finland,Soap,6,233,4,1
Sweden,Conditioner,2,105,0,4
Denmark,Soap,12,177,4,0
Sweden,Shampoo,5,240,3,4
Finland,Shampoo,8,180,3,1
Denmark,Shampoo,4,223,3,0
Denmark,Lotion,7,74,2,0
Finland,Detergent,4,83,1,1
Iceland,Soap,4,162,4,2
Iceland,Lotion,7,143,2,2
Norway,Toothpaste,10,95,5,3
Sweden,Lotion,11,200,2,4
Norway,Lotion,3,194,2,3
Iceland,Soap,11,190,4,2
Norway,Conditioner,10,166,0,3
Denmark,Conditioner,5,94,0,0
Finland,Detergent,10,92,1,1
Sweden,Detergent,1,254,1,4
Finland,Conditioner,2,217,0,1
Iceland,Lotion,5,134,2,2
Iceland,Toothpaste,12,240,5,2
Iceland,Conditioner,8,159,0,2
Sweden,Lotion,5,161,2,4
Denmark,Detergent,11,121,1,0
Iceland,Shampoo,7,204,3,2
Iceland,Detergent,1,193,1,2
Finland,Soap,8,221,4,1
Sweden,Conditioner,6,105,0,4
Finland,Toothpaste,11,290,5,1
Iceland,Toothpaste,9,204,5,2
Finland,Lotion,9,96,2,1
Sweden,Soap,9,130,4,4
Norway,Lotion,5,175,2,3
Iceland,Soap,2,175,4,2
Sweden,Soap,1,155,4,4
Finland,Detergent,10,87,1,1
Sweden,Toothpaste,8,113,5,4
Denmark,Lotion,1,99,2,0
Finland,Lotion,12,120,2,1
Finland,Lotion,7,96,2,1
Iceland,Shampoo,4,188,3,2
Finland,Toothpaste,7,236,5,1
Iceland,Shampoo,3,209,3,2
Iceland,Toothpaste,6,208,5,2
Denmark,Toothpaste,10,93,5,0
Norway,Soap,8,117,4,3
Norway,Toothpaste,8,100,5,3
Finland,Soap,7,232,4,1
Sweden,Toothpaste,11,148,5,4
Norway,Lotion,7,204,2,3
Iceland,Toothpaste,10,203,5,2
Norway,Detergent,2,198,1,3
Norway,Soap,7,114,4,3
Finland,Conditioner,12,252,0,1
Denmark,Detergent,6,109,1,0
Finland,Toothpaste,9,235,5,1
Iceland,Shampoo,8,213,3,2
Finland,Conditioner,1,261,0,1
Finland,Detergent,2,78,1,1
Norway,Shampoo,4,215,3,3
Norway,Toothpaste,10,104,5,3
Sweden,Toothpaste,7,128,5,4
Finland,Detergent,8,68,1,1
Denmark,Lotion,5,81,2,0
Sweden,Soap,11,148,4,4
Finland,Conditioner,12,257,0,1
Sweden,Soap,5,121,4,4
Norway,Soap,2,104,4,3
Finland,Toothpaste,5,238,5,1
Norway,Lotion,4,189,2,3
Norway,Conditioner,8,171,0,3
Norway,Detergent,11,246,1,3
Iceland,Toothpaste,8,214,5,2
Denmark,Soap,4,136,4,0
Sweden,Lotion,12,212,2,4
Norway,Toothpaste,9,106,5,3
Finland,Detergent,5,86,1,1
Sweden,Conditioner,12,129,0,4
Sweden,Detergent,7,225,1,4
Finland,Soap,10,224,4,1
Sweden,Lotion,1,206,2,4
Sweden,Conditioner,3,113,0,4
Sweden,Toothpaste,12,170,5,4
Iceland,Soap,7,169,4,2
Finland,Shampoo,6,181,3,1
Denmark,Shampoo,8,219,3,0
Denmark,Shampoo,3,207,3,0
Norway,Conditioner,5,154,0,3
Iceland,Toothpaste,9,213,5,2
Sweden,Detergent,6,211,1,4
Denmark,Soap,9,155,4,0
Denmark,Detergent,11,116,1,0
Sweden,Soap,6,124,4,4
Iceland,Shampoo,6,186,3,2
Iceland,Detergent,12,188,1,2
Finland,Detergent,1,99,1,1
Sweden,Shampoo,7,245,3,4
Denmark,Toothpaste,11,124,5,0
Iceland,Toothpaste,12,267,5,2
Norway,Soap,8,124,4,3
Sweden,Toothpaste,8,120,5,4
Iceland,Soap,2,173,4,2
Finland,Conditioner,3,216,0,1
Sweden,Soap,4,124,4,4
Denmark,Detergent,7,100,1,0
Norway,Soap,6,128,4,3
Denmark,Toothpaste,9,102,5,0
Sweden,Soap,5,135,4,4
Sweden,Lotion,12,212,2,4
Finland,Conditioner,5,206,0,1
Iceland,Toothpaste,5,207,5,2
Finland,Toothpaste,3,245,5,1
Denmark,Toothpaste,4,120,5,0
Sweden,Soap,4,135,4,4
Norway,Lotion,9,196,2,3
Norway,Lotion,11,241,2,3
Finland,Conditioner,6,210,0,1
Norway,Toothpaste,11,131,5,3
Finland,Shampoo,11,218,3,1
Sweden,Conditioner,8,103,0,4
Sweden,Conditioner,4,103,0,4
Iceland,Lotion,4,131,2,2
Iceland,Soap,1,191,4,2
Iceland,Conditioner,7,170,0,2
Iceland,Detergent,1,198,1,2
Norway,Soap,9,120,4,3
Denmark,Conditioner,1,108,0,0
Denmark,Shampoo,7,241,3,0
Norway,Shampoo,10,224,3,3
Finland,Toothpaste,3,239,5,1
Sweden,Conditioner,1,139,0,4
Iceland,Lotion,1,159,2,2
Iceland,Toothpaste,1,250,5,2
Sweden,Toothpaste,11,159,5,4
Norway,Shampoo,6,224,3,3
Iceland,Conditioner,9,150,0,2
Iceland,Shampoo,7,205,3,2
Finland,Detergent,1,113,1,1
Denmark,Toothpaste,3,117,5,0
Norway,Soap,3,112,4,3
Sweden,Soap,12,137,4,4
Denmark,Soap,3,149,4,0
Finland,Toothpaste,5,222,5,1
Iceland,Shampoo,9,205,3,2
Sweden,Soap,4,130,4,4
Denmark,Toothpaste,7,122,5,0
Iceland,Shampoo,8,186,3,2
Sweden,Soap,9,124,4,4
Denmark,Soap,12,170,4,0
Iceland,Detergent,8,141,1,2
Finland,Conditioner,10,236,0,1
Sweden,Lotion,11,199,2,4
Finland,Shampoo,2,180,3,1
Iceland,Conditioner,11,185,0,2
Sweden,Soap,6,122,4,4
Iceland,Detergent,5,146,1,2
Denmark,Lotion,5,86,2,0
Norway,Detergent,11,234,1,3
Sweden,Toothpaste,9,119,5,4
Finland,Lotion,9,87,2,1
Norway,Soap,4,115,4,3
Finland,Soap,4,235,4,1
Finland,Lotion,10,103,2,1
Denmark,Soap,5,151,4,0
Norway,Toothpaste,1,130,5,3
Iceland,Lotion,7,154,2,2
Finland,Shampoo,5,170,3,1
Iceland,Shampoo,10,202,3,2
Denmark,Conditioner,11,119,0,0
Norway,Toothpaste,5,97,5,3
Denmark,Conditioner,3,82,0,0
Denmark,Shampoo,11,258,3,0
Finland,Lotion,3,97,2,1
Iceland,Shampoo,5,187,3,2
Sweden,Shampoo,8,265,3,4
Iceland,Conditioner,1,183,0,2
Denmark,Lotion,2,87,2,0
Denmark,Soap,7,146,4,0
Norway,Lotion,7,194,2,3
Finland,Toothpaste,1,292,5,1
Denmark,Shampoo,9,206,3,0
Denmark,Detergent,8,118,1,0
Denmark,Conditioner,8,82,0,0
Sweden,Conditioner,10,106,0,4
Sweden,Lotion,9,179,2,4
Iceland,Shampoo,9,195,3,2
Norway,Toothpaste,12,142,5,3
Norway,Toothpaste,12,137,5,3
Norway,Lotion,11,233,2,3
Iceland,Detergent,1,193,1,2
Finland,Soap,12,267,4,1
Sweden,Shampoo,11,291,3,4
Norway,Shampoo,7,244,3,3
Norway,Toothpaste,4,119,5,3
Norway,Shampoo,10,217,3,3
Sweden,Lotion,5,167,2,4
Sweden,Lotion,2,160,2,4
Iceland,Toothpaste,6,209,5,2
Norway,Shampoo,3,230,3,3
Denmark,Conditioner,12,97,0,0
Norway,Toothpaste,9,105,5,3
Denmark,Toothpaste,5,115,5,0
Norway,Conditioner,6,170,0,3
Iceland,Shampoo,1,225,3,2
Sweden,Conditioner,6,110,0,4
Denmark,Soap,10,160,4,0
Iceland,Toothpaste,5,200,5,2
Iceland,Toothpaste,7,209,5,2
Denmark,Detergent,5,99,1,0
Sweden,Toothpaste,1,148,5,4
Denmark,Shampoo,7,206,3,0
Iceland,Conditioner,5,152,0,2
Iceland,Lotion,11,168,2,2
Denmark,Detergent,3,113,1,0
Sweden,Shampoo,2,227,3,4
Denmark,Toothpaste,4,112,5,0
Iceland,Conditioner,11,177,0,2
Denmark,Detergent,4,107,1,0
Denmark,Soap,11,185,4,0
Sweden,Conditioner,6,111,0,4
Norway,Shampoo,12,262,3,3
Sweden,Lotion,8,181,2,4
Norway,Shampoo,7,214,3,3
Norway,Conditioner,8,172,0,3
Norway,Lotion,2,189,2,3
Denmark,Conditioner,3,86,0,0
Denmark,Soap,9,141,4,0
Norway,Conditioner,9,167,0,3
Sweden,Lotion,1,210,2,4
Sweden,Detergent,2,220,1,4
Finland,Soap,7,234,4,1
Norway,Lotion,5,197,2,3
Denmark,Toothpaste,1,125,5,0
Sweden,Detergent,3,210,1,4
Iceland,Toothpaste,5,217,5,2
Iceland,Lotion,8,131,2,2
Norway,Soap,1,135,4,3
Sweden,Detergent,2,203,1,4
Denmark,Conditioner,8,88,0,0
Norway,Toothpaste,8,114,5,3
Denmark,Detergent,10,93,1,0
Sweden,Lotion,9,161,2,4
Sweden,Shampoo,4,248,3,4
Norway,Conditioner,11,179,0,3
Finland,Shampoo,5,188,3,1
Sweden,Detergent,7,224,1,4
Iceland,Toothpaste,12,238,5,2
Norway,Soap,7,131,4,3
Denmark,Lotion,12,88,2,0
Norway,Detergent,3,228,1,3
Sweden,Soap,4,126,4,4
Norway,Lotion,1,244,2,3
Sweden,Lotion,5,193,2,4
Norway,Detergent,4,202,1,3
Finland,Soap,3,226,4,1
Sweden,Soap,12,147,4,4
Denmark,Toothpaste,10,101,5,0
Denmark,Soap,11,179,4,0
Sweden,Toothpaste,12,151,5,4
Norway,Soap,6,115,4,3
Norway,Shampoo,9,218,3,3
Norway,Lotion,12,231,2,3
Iceland,Detergent,6,151,1,2
Finland,Shampoo,10,148,3,1
Sweden,Lotion,7,170,2,4
Norway,Conditioner,4,158,0,3
Norway,Shampoo,7,223,3,3
Sweden,Detergent,6,216,1,4
Norway,Lotion,12,224,2,3
Sweden,Soap,3,127,4,4
Norway,Conditioner,1,186,0,3
Iceland,Toothpaste,4,205,5,2
Denmark,Soap,8,142,4,0
Norway,Detergent,3,222,1,3
Norway,Conditioner,1,171,0,3
Finland,Conditioner,6,217,0,1
Denmark,Detergent,8,101,1,0
Iceland,Shampoo,8,189,3,2
Iceland,Conditioner,2,152,0,2
Iceland,Conditioner,12,191,0,2
Sweden,Conditioner,3,122,0,4
Finland,Soap,5,223,4,1
Finland,Shampoo,2,173,3,1
Sweden,Soap,6,151,4,4
Denmark,Detergent,1,126,1,0
Sweden,Conditioner,12,151,0,4
Norway,Conditioner,9,149,0,3
Denmark,Toothpaste,9,111,5,0
Iceland,Soap,1,203,4,2
Norway,Conditioner,1,179,0,3
Finland,Soap,10,216,4,1
Denmark,Conditioner,9,103,0,0
Norway,Conditioner,10,161,0,3
Iceland,Detergent,10,168,1,2
Norway,Shampoo,8,223,3,3
Finland,Toothpaste,11,277,5,1
Sweden,Conditioner,3,120,0,4
Norway,Detergent,5,208,1,3
Norway,Detergent,1,252,1,3
Sweden,Toothpaste,9,126,5,4
Norway,Lotion,6,186,2,3
Iceland,Detergent,11,184,1,2
Finland,Lotion,1,119,2,1
Sweden,Shampoo,10,252,3,4
Sweden,Conditioner,1,123,0,4
Finland,Detergent,2,90,1,1
Iceland,Soap,12,198,4,2
Denmark,Soap,10,129,4,0
Denmark,Lotion,8,79,2,0
Finland,Soap,10,230,4,1
Finland,Conditioner,7,216,0,1
Denmark,Toothpaste,8,101,5,0
Iceland,Toothpaste,7,207,5,2
Finland,Lotion,3,100,2,1
Sweden,Soap,2,142,4,4
Iceland,Lotion,11,155,2,2
Iceland,Soap,2,157,4,2
Finland,Lotion,6,98,2,1
Sweden,Soap,2,121,4,4
Sweden,Soap,9,119,4,4
Denmark,Shampoo,10,226,3,0
Sweden,Lotion,7,174,2,4
Norway,Lotion,5,198,2,3
Denmark,Conditioner,7,98,0,0
Iceland,Lotion,10,152,2,2
Norway,Toothpaste,3,129,5,3
Norway,Soap,10,118,4,3
Sweden,Shampoo,8,254,3,4
Finland,Toothpaste,4,247,5,1
Finland,Soap,1,280,4,1
Iceland,Lotion,2,142,2,2
Finland,Conditioner,6,230,0,1
Denmark,Toothpaste,8,133,5,0
Iceland,Lotion,1,166,2,2
Norway,Detergent,7,208,1,3
Iceland,Toothpaste,9,211,5,2
Iceland,Toothpaste,11,252,5,2
Iceland,Soap,8,145,4,2
Finland,Soap,11,256,4,1
Sweden,Toothpaste,10,128,5,4
Denmark,Toothpaste,10,127,5,0
Denmark,Toothpaste,6,129,5,0
Sweden,Conditioner,11,128,0,4
Denmark,Conditioner,11,115,0,0
Finland,Lotion,12,113,2,1
Sweden,Conditioner,9,108,0,4
Denmark,Detergent,9,93,1,0
Iceland,Lotion,6,136,2,2
Finland,Toothpaste,5,242,5,1
Iceland,Shampoo,12,238,3,2
Iceland,Lotion,10,153,2,2
Norway,Lotion,4,205,2,3
Sweden,Detergent,8,195,1,4
Finland,Soap,7,209,4,1
Sweden,Shampoo,2,229,3,4
Sweden,Conditioner,9,109,0,4
Finland,Toothpaste,9,241,5,1
Iceland,Soap,4,178,4,2
Norway,Toothpaste,1,137,5,3
Iceland,Soap,4,160,4,2
Finland,Shampoo,1,236,3,1
Iceland,Conditioner,6,163,0,2
Sweden,Shampoo,3,253,3,4
Sweden,Conditioner,2,103,0,4
Norway,Conditioner,6,163,0,3
Finland,Lotion,4,103,2,1
Norway,Soap,2,121,4,3
Norway,Lotion,10,184,2,3
Norway,Soap,9,105,4,3
Iceland,Shampoo,3,184,3,2
Finland,Soap,6,225,4,1
Denmark,Shampoo,4,220,3,0
Sweden,Shampoo,3,229,3,4
Norway,Soap,2,132,4,3
Denmark,Lotion,10,69,2,0
Sweden,Detergent,8,203,1,4
Norway,Soap,3,109,4,3
Norway,Shampoo,1,272,3,3
Sweden,Shampoo,5,244,3,4
Iceland,Lotion,4,149,2,2
Norway,Conditioner,2,167,0,3
Finland,Toothpaste,11,296,5,1
Sweden,Toothpaste,3,114,5,4
Iceland,Lotion,7,116,2,2
Sweden,Lotion,12,211,2,4
Finland,Lotion,3,107,2,1
Norway,Lotion,12,229,2,3
Denmark,Conditioner,5,87,0,0
Norway,Toothpaste,11,136,5,3
Denmark,Toothpaste,11,146,5,0
Iceland,Lotion,12,162,2,2
Finland,Shampoo,12,212,3,1
Iceland,Conditioner,8,161,0,2
Norway,Soap,5,134,4,3
Iceland,Soap,7,179,4,2
Norway,Toothpaste,3,108,5,3
Denmark,Conditioner,5,101,0,0
Sweden,Shampoo,2,248,3,4
Norway,Shampoo,2,238,3,3
Finland,Shampoo,10,181,3,1
Sweden,Lotion,5,170,2,4
Sweden,Detergent,2,203,1,4
Iceland,Detergent,11,199,1,2
Finland,Soap,3,238,4,1
Norway,Soap,2,122,4,3
Denmark,Detergent,8,107,1,0
Norway,Detergent,8,191,1,3
Norway,Detergent,7,187,1,3
Norway,Shampoo,9,209,3,3
Iceland,Shampoo,7,187,3,2
Norway,Toothpaste,12,144,5,3
Finland,Detergent,9,88,1,1
Finland,Soap,8,210,4,1
Finland,Shampoo,11,233,3,1
Iceland,Detergent,9,160,1,2
Norway,Detergent,10,218,1,3
Sweden,Toothpaste,1,169,5,4
Norway,Toothpaste,9,130,5,3
Iceland,Detergent,7,153,1,2
Norway,Detergent,4,205,1,3
Norway,Detergent,8,188,1,3
Iceland,Toothpaste,1,255,5,2
Denmark,Conditioner,1,99,0,0
Denmark,Shampoo,9,210,3,0
Denmark,Detergent,11,110,1,0
Sweden,Lotion,9,165,2,4
Finland,Lotion,2,92,2,1
Sweden,Conditioner,7,108,0,4
Finland,Conditioner,11,268,0,1
Norway,Soap,1,136,4,3
Sweden,Conditioner,7,121,0,4
Norway,Detergent,11,263,1,3
Denmark,Detergent,1,128,1,0
Norway,Toothpaste,4,116,5,3
Norway,Shampoo,1,282,3,3
Norway,Lotion,3,197,2,3
Iceland,Shampoo,12,213,3,2
Sweden,Shampoo,12,291,3,4
Denmark,Shampoo,12,285,3,0
Norway,Toothpaste,3,114,5,3
Sweden,Shampoo,7,257,3,4
Sweden,Shampoo,9,246,3,4
Norway,Conditioner,5,152,0,3
Finland,Soap,6,247,4,1
Denmark,Shampoo,1,264,3,0
Iceland,Detergent,10,166,1,2
Norway,Conditioner,2,147,0,3
Iceland,Soap,10,154,4,2
Norway,Soap,9,113,4,3
Denmark,Soap,4,152,4,0
Iceland,Detergent,6,169,1,2
Sweden,Soap,11,163,4,4
Sweden,Lotion,2,176,2,4
Denmark,Toothpaste,6,113,5,0
Finland,Conditioner,8,211,0,1
Denmark,Shampoo,8,226,3,0
Norway,Shampoo,1,268,3,3
Sweden,Toothpaste,3,117,5,4
Norway,Lotion,1,241,2,3
Denmark,Toothpaste,8,119,5,0
Finland,Toothpaste,6,242,5,1
Sweden,Shampoo,5,236,3,4
Norway,Detergent,2,192,1,3
Finland,Conditioner,3,235,0,1
Iceland,Detergent,6,155,1,2
Norway,Conditioner,3,145,0,3
Finland,Soap,10,247,4,1
Norway,Shampoo,2,236,3,3
Denmark,Toothpaste,4,112,5,0
Iceland,Conditioner,3,135,0,2
Iceland,Soap,10,161,4,2
Finland,Conditioner,6,222,0,1
Denmark,Conditioner,12,116,0,0
Norway,Lotion,1,244,2,3
Sweden,Shampoo,6,253,3,4
Sweden,Soap,10,115,4,4
Iceland,Detergent,5,156,1,2
Finland,Detergent,4,91,1,1
Finland,Detergent,1,102,1,1
Finland,Lotion,4,96,2,1
Sweden,Conditioner,8,98,0,4
Iceland,Detergent,8,159,1,2
Denmark,Soap,6,160,4,0
Norway,Toothpaste,8,103,5,3
Finland,Lotion,11,107,2,1
Finland,Soap,9,226,4,1
Finland,Detergent,3,72,1,1
Sweden,Conditioner,2,96,0,4
Denmark,Conditioner,8,90,0,0
Denmark,Conditioner,7,87,0,0
Sweden,Detergent,10,210,1,4
Finland,Lotion,3,76,2,1
Finland,Detergent,9,80,1,1
Finland,Conditioner,11,284,0,1
Finland,Soap,9,224,4,1
Norway,Detergent,9,196,1,3
Finland,Lotion,1,124,2,1
Denmark,Lotion,4,83,2,0
Finland,Soap,2,215,4,1
Sweden,Conditioner,5,115,0,4
Norway,Detergent,1,242,1,3
Denmark,Toothpaste,10,110,5,0
Finland,Conditioner,7,232,0,1
Finland,Shampoo,8,165,3,1
Iceland,Conditioner,12,185,0,2
Denmark,Shampoo,9,197,3,0
Iceland,Detergent,9,147,1,2
Finland,Detergent,12,116,1,1
Denmark,Toothpaste,4,114,5,0
Finland,Detergent,3,85,1,1
Finland,Toothpaste,12,289,5,1
Sweden,Lotion,11,204,2,4
Denmark,Conditioner,4,108,0,0
Norway,Toothpaste,12,131,5,3
Denmark,Toothpaste,7,107,5,0
Finland,Detergent,11,119,1,1
Finland,Conditioner,3,205,0,1
Denmark,Soap,6,137,4,0
Finland,Lotion,9,84,2,1
Denmark,Detergent,7,84,1,0
Norway,Toothpaste,5,113,5,3
Denmark,Soap,1,177,4,0
Iceland,Toothpaste,8,201,5,2
Norway,Toothpaste,7,107,5,3
Finland,Detergent,7,83,1,1
Finland,Shampoo,9,193,3,1
Finland,Conditioner,5,225,0,1
Iceland,Detergent,11,184,1,2
Iceland,Detergent,1,193,1,2
Sweden,Toothpaste,7,128,5,4
Iceland,Shampoo,6,189,3,2
Denmark,Lotion,3,77,2,0
Iceland,Lotion,8,127,2,2
Denmark,Lotion,5,95,2,0
Sweden,Lotion,2,167,2,4
Norway,Soap,3,112,4,3
Norway,Shampoo,5,207,3,3
Norway,Conditioner,7,156,0,3
Norway,Detergent,12,258,1,3
Sweden,Lotion,6,171,2,4
Sweden,Toothpaste,9,126,5,4
Finland,Shampoo,3,183,3,1
Iceland,Shampoo,5,200,3,2
Denmark,Soap,3,146,4,0
Iceland,Lotion,7,158,2,2
Norway,Detergent,12,244,1,3
Norway,Soap,8,121,4,3
Sweden,Toothpaste,5,118,5,4
Norway,Lotion,1,235,2,3
Norway,Detergent,9,202,1,3
Norway,Conditioner,8,175,0,3
Finland,Soap,5,226,4,1
Denmark,Toothpaste,1,136,5,0
Denmark,Lotion,4,74,2,0
Iceland,Lotion,4,147,2,2
Norway,Shampoo,6,217,3,3
Denmark,Soap,2,154,4,0
Finland,Shampoo,8,179,3,1
Sweden,Lotion,5,175,2,4
Sweden,Detergent,6,218,1,4
Finland,Shampoo,4,187,3,1
Finland,Soap,2,224,4,1
Iceland,Soap,9,166,4,2
Finland,Lotion,5,96,2,1
Denmark,Detergent,7,102,1,0
Denmark,Toothpaste,9,95,5,0
Finland,Conditioner,11,268,0,1
Sweden,Conditioner,6,107,0,4
Iceland,Conditioner,9,170,0,2
Finland,Conditioner,1,264,0,1
Denmark,Conditioner,4,102,0,0
Denmark,Shampoo,8,200,3,0
Finland,Shampoo,3,173,3,1
Finland,Toothpaste,5,251,5,1
Sweden,Detergent,8,217,1,4
Iceland,Shampoo,8,198,3,2
Iceland,Detergent,11,195,1,2
Denmark,Conditioner,2,95,0,0
Iceland,Detergent,4,161,1,2
Norway,Shampoo,12,266,3,3
Sweden,Shampoo,5,240,3,4
Denmark,Detergent,4,101,1,0
Iceland,Conditioner,11,157,0,2
Finland,Toothpaste,2,237,5,1
Denmark,Conditioner,6,72,0,0
Sweden,Toothpaste,4,132,5,4
Norway,Detergent,12,243,1,3
Denmark,Conditioner,2,93,0,0
Finland,Shampoo,6,157,3,1
Norway,Lotion,4,208,2,3
Denmark,Conditioner,3,93,0,0
Sweden,Lotion,3,159,2,4
Iceland,Lotion,10,134,2,2
Sweden,Shampoo,7,240,3,4
Denmark,Shampoo,6,214,3,0
Finland,Lotion,9,100,2,1
Finland,Detergent,5,80,1,1
Denmark,Conditioner,9,71,0,0
Denmark,Soap,1,176,4,0
Norway,Soap,5,131,4,3
Finland,Toothpaste,9,258,5,1
Denmark,Lotion,1,98,2,0
Sweden,Conditioner,9,109,0,4
Finland,Toothpaste,7,254,5,1
Denmark,Shampoo,1,263,3,0
Denmark,Conditioner,7,80,0,0
Norway,Detergent,8,219,1,3
Iceland,Soap,3,151,4,2
Finland,Toothpaste,3,247,5,1
Denmark,Lotion,4,92,2,0
Sweden,Detergent,7,213,1,4
Finland,Conditioner,7,218,0,1
Norway,Toothpaste,4,105,5,3
Sweden,Soap,3,107,4,4
Sweden,Lotion,4,174,2,4
Iceland,Shampoo,3,187,3,2
Iceland,Detergent,12,206,1,2
Sweden,Conditioner,10,114,0,4
Iceland,Detergent,10,155,1,2
Iceland,Toothpaste,12,251,5,2
Iceland,Lotion,6,128,2,2
Sweden,Toothpaste,6,133,5,4
Iceland,Conditioner,3,175,0,2
Iceland,Conditioner,10,164,0,2
Finland,Shampoo,10,175,3,1
Sweden,Conditioner,10,106,0,4
Finland,Soap,7,214,4,1
Sweden,Soap,11,167,4,4
Sweden,Shampoo,9,232,3,4
Iceland,Lotion,4,134,2,2
Iceland,Shampoo,3,198,3,2
Iceland,Detergent,10,147,1,2
Finland,Detergent,11,98,1,1
Iceland,Lotion,11,175,2,2
Finland,Conditioner,2,215,0,1
Norway,Shampoo,6,235,3,3
Finland,Lotion,12,123,2,1
Finland,Conditioner,4,235,0,1
Iceland,Toothpaste,7,201,5,2
Denmark,Soap,10,140,4,0
Finland,Lotion,5,83,2,1
Finland,Shampoo,12,204,3,1
Norway,Conditioner,7,152,0,3
Iceland,Conditioner,9,147,0,2
Norway,Lotion,7,199,2,3
Sweden,Detergent,5,222,1,4
Iceland,Detergent,4,176,1,2
Iceland,Toothpaste,1,254,5,2
Finland,Soap,12,248,4,1
Sweden,Lotion,8,169,2,4
Norway,Detergent,12,244,1,3
Sweden,Toothpaste,9,128,5,4
Iceland,Lotion,2,123,2,2
Iceland,Conditioner,2,167,0,2
Sweden,Shampoo,1,290,3,4
Finland,Lotion,8,81,2,1
Finland,Shampoo,9,174,3,1
Norway,Lotion,3,179,2,3
Norway,Detergent,11,217,1,3
Iceland,Toothpaste,12,262,5,2
Finland,Detergent,7,75,1,1
Sweden,Soap,5,127,4,4
Denmark,Soap,2,133,4,0
Sweden,Detergent,12,241,1,4
Finland,Conditioner,2,221,0,1
Iceland,Conditioner,11,181,0,2
Finland,Soap,11,260,4,1
Finland,Detergent,7,77,1,1
Sweden,Shampoo,9,238,3,4
Finland,Lotion,2,99,2,1
Norway,Conditioner,12,188,0,3
Sweden,Lotion,2,157,2,4
Iceland,Conditioner,12,177,0,2
Iceland,Detergent,9,161,1,2
Iceland,Lotion,9,139,2,2
Sweden,Conditioner,8,107,0,4
Denmark,Lotion,6,80,2,0
Norway,Conditioner,11,186,0,3
Finland,Detergent,5,73,1,1
Sweden,Shampoo,10,244,3,4
Norway,Soap,12,149,4,3
Finland,Shampoo,10,164,3,1
Norway,Conditioner,12,191,0,3
Sweden,Detergent,11,250,1,4
Denmark,Lotion,7,86,2,0
Denmark,Conditioner,5,74,0,0
Iceland,Lotion,6,142,2,2
Iceland,Lotion,2,148,2,2
Finland,Detergent,3,61,1,1
Iceland,Soap,7,164,4,2
Denmark,Soap,12,173,4,0
Denmark,Shampoo,5,218,3,0
Iceland,Lotion,6,163,2,2
Sweden,Conditioner,1,122,0,4
Denmark,Lotion,5,67,2,0
Sweden,Soap,8,130,4,4
Finland,Detergent,9,92,1,1
Norway,Toothpaste,7,116,5,3
Denmark,Conditioner,4,91,0,0
Sweden,Toothpaste,7,137,5,4
Iceland,Lotion,10,137,2,2
Denmark,Lotion,3,80,2,0
Denmark,Shampoo,4,210,3,0
Norway,Detergent,4,217,1,3
Sweden,Soap,10,130,4,4
Denmark,Detergent,2,93,1,0
Iceland,Shampoo,1,216,3,2
Norway,Toothpaste,7,105,5,3
Denmark,Shampoo,5,210,3,0
Norway,Conditioner,8,145,0,3
Norway,Conditioner,7,159,0,3
Norway,Shampoo,3,221,3,3
Norway,Shampoo,11,256,3,3
Finland,Toothpaste,4,258,5,1
Iceland,Shampoo,1,238,3,2
Finland,Shampoo,10,165,3,1
Finland,Toothpaste,4,250,5,1
Norway,Conditioner,11,197,0,3
Denmark,Conditioner,3,86,0,0
Norway,Lotion,6,189,2,3
Denmark,Toothpaste,12,148,5,0
Denmark,Soap,4,156,4,0
Norway,Detergent,8,206,1,3
Finland,Detergent,8,85,1,1
Norway,Conditioner,6,161,0,3
Sweden,Toothpaste,3,113,5,4
Denmark,Toothpaste,7,104,5,0
Denmark,Detergent,10,95,1,0
Norway,Lotion,6,189,2,3
Denmark,Conditioner,12,104,0,0
Finland,Toothpaste,8,235,5,1
Denmark,Detergent,5,95,1,0
Norway,Soap,8,112,4,3
Iceland,Soap,11,184,4,2
Iceland,Lotion,8,141,2,2
Sweden,Detergent,6,206,1,4
Finland,Soap,12,253,4,1
Sweden,Detergent,3,226,1,4
Finland,Soap,1,267,4,1
Finland,Shampoo,11,213,3,1
Sweden,Soap,4,115,4,4
Sweden,Toothpaste,8,117,5,4
Norway,Detergent,1,247,1,3
Norway,Detergent,9,204,1,3
Norway,Toothpaste,1,141,5,3
Finland,Lotion,12,113,2,1
Iceland,Conditioner,8,170,0,2
Denmark,Detergent,3,94,1,0
Sweden,Toothpaste,9,135,5,4
Denmark,Soap,7,154,4,0
Iceland,Conditioner,4,155,0,2
Finland,Toothpaste,2,236,5,1
Sweden,Soap,8,118,4,4
Finland,Shampoo,7,183,3,1
Sweden,Detergent,9,221,1,4
Norway,Toothpaste,5,114,5,3
Norway,Soap,3,130,4,3
Denmark,Detergent,12,117,1,0
Iceland,Toothpaste,2,195,5,2
Denmark,Toothpaste,2,105,5,0
Finland,Shampoo,7,174,3,1
Denmark,Lotion,9,86,2,0
Norway,Toothpaste,3,97,5,3
Finland,Lotion,8,87,2,1
Finland,Conditioner,5,216,0,1
Iceland,Soap,11,193,4,2
Denmark,Soap,8,148,4,0
Sweden,Conditioner,11,134,0,4
Sweden,Toothpaste,7,134,5,4
Sweden,Detergent,12,258,1,4
Iceland,Soap,9,172,4,2
Denmark,Detergent,8,93,1,0
Norway,Shampoo,11,246,3,3
Denmark,Lotion,6,88,2,0
Sweden,Conditioner,5,100,0,4
Iceland,Soap,9,175,4,2
Denmark,Shampoo,6,217,3,0
Iceland,Conditioner,6,153,0,2
Finland,Conditioner,12,271,0,1
Finland,Detergent,10,97,1,1
Iceland,Toothpaste,6,220,5,2
Denmark,Toothpaste,11,142,5,0
Denmark,Lotion,11,80,2,0
Sweden,Conditioner,7,111,0,4
Finland,Conditioner,11,275,0,1
Denmark,Soap,5,140,4,0
Norway,Shampoo,5,229,3,3
Norway,Conditioner,2,156,0,3
Sweden,Conditioner,5,108,0,4
Iceland,Soap,1,188,4,2
Finland,Soap,1,275,4,1
Finland,Shampoo,1,219,3,1
Sweden,Soap,8,137,4,4
Finland,Lotion,6,104,2,1
Denmark,Detergent,12,126,1,0
Sweden,Soap,1,154,4,4
Iceland,Soap,12,186,4,2
Norway,Detergent,2,204,1,3
Iceland,Conditioner,1,182,0,2
Sweden,Shampoo,11,299,3,4
Sweden,Soap,5,127,4,4
Denmark,Soap,5,145,4,0
Norway,Shampoo,9,223,3,3
Sweden,Lotion,9,173,2,4
Denmark,Soap,6,156,4,0
Norway,Detergent,10,201,1,3
Finland,Shampoo,7,175,3,1
Denmark,Conditioner,3,92,0,0
Sweden,Toothpaste,4,111,5,4
Sweden,Toothpaste,2,118,5,4
Iceland,Toothpaste,1,253,5,2
Iceland,Lotion,3,147,2,2
Sweden,Toothpaste,2,116,5,4
Iceland,Conditioner,1,178,0,2
Norway,Lotion,2,182,2,3
Sweden,Detergent,5,197,1,4
Denmark,Lotion,11,92,2,0
Sweden,Toothpaste,5,131,5,4
Sweden,Detergent,10,209,1,4
Iceland,Toothpaste,3,210,5,2
Finland,Toothpaste,10,246,5,1
Norway,Soap,4,105,4,3
Norway,Shampoo,3,221,3,3
Iceland,Shampoo,2,219,3,2
Finland,Soap,3,215,4,1
Norway,Lotion,5,189,2,3
Sweden,Soap,3,100,4,4
Iceland,Toothpaste,7,202,5,2
Norway,Soap,11,117,4,3
Finland,Detergent,12,95,1,1
Finland,Conditioner,8,213,0,1
Denmark,Lotion,2,64,2,0
Denmark,Soap,9,161,4,0
Iceland,Shampoo,6,196,3,2
Finland,Conditioner,8,225,0,1
Denmark,Conditioner,11,98,0,0
Iceland,Lotion,9,150,2,2
Iceland,Soap,10,177,4,2
Finland,Toothpaste,4,240,5,1
Iceland,Shampoo,12,223,3,2
Denmark,Lotion,6,79,2,0
Finland,Conditioner,12,273,0,1
Sweden,Conditioner,1,120,0,4
Norway,Lotion,12,210,2,3
Denmark,Toothpaste,5,134,5,0
Denmark,Soap,1,177,4,0
Norway,Shampoo,11,279,3,3
Sweden,Toothpaste,6,147,5,4
Iceland,Shampoo,11,241,3,2
Iceland,Soap,3,154,4,2
Denmark,Detergent,11,128,1,0
Iceland,Shampoo,11,234,3,2
Iceland,Shampoo,3,194,3,2
Denmark,Lotion,2,95,2,0
Iceland,Shampoo,4,196,3,2
Finland,Toothpaste,2,240,5,1
Finland,Soap,8,227,4,1
Norway,Lotion,7,197,2,3
Finland,Toothpaste,5,235,5,1
Denmark,Soap,5,135,4,0
Iceland,Toothpaste,8,179,5,2
Norway,Soap,1,158,4,3
Finland,Toothpaste,8,263,5,1
Sweden,Shampoo,7,262,3,4
Denmark,Lotion,9,65,2,0
Norway,Soap,8,114,4,3
Finland,Lotion,6,100,2,1
Norway,Conditioner,7,169,0,3
Finland,Conditioner,12,271,0,1
Iceland,Lotion,4,133,2,2
Iceland,Detergent,7,165,1,2
Norway,Conditioner,12,171,0,3
Norway,Lotion,8,189,2,3
Finland,Shampoo,7,186,3,1
Sweden,Conditioner,12,122,0,4
Sweden,Shampoo,11,297,3,4
Finland,Shampoo,7,187,3,1
Denmark,Conditioner,9,83,0,0
Denmark,Toothpaste,7,111,5,0
Finland,Soap,8,229,4,1
Finland,Soap,4,213,4,1
Sweden,Lotion,3,171,2,4
Iceland,Shampoo,11,223,3,2
Finland,Conditioner,8,235,0,1
Finland,Toothpaste,12,283,5,1
Denmark,Conditioner,10,89,0,0
Iceland,Lotion,2,151,2,2
Sweden,Soap,1,152,4,4
Norway,Shampoo,3,244,3,3
Iceland,Shampoo,1,234,3,2
Norway,Detergent,11,251,1,3
Iceland,Conditioner,3,159,0,2
Iceland,Conditioner,8,167,0,2
Finland,Shampoo,3,180,3,1
Iceland,Shampoo,10,180,3,2
Sweden,Detergent,1,253,1,4
Finland,Lotion,10,91,2,1
Iceland,Soap,5,158,4,2
Finland,Conditioner,4,228,0,1
Finland,Lotion,7,93,2,1
Denmark,Lotion,9,90,2,0
Sweden,Lotion,7,176,2,4
Finland,Soap,11,260,4,1
Sweden,Shampoo,1,299,3,4
Norway,Lotion,10,191,2,3
Finland,Toothpaste,1,307,5,1
Finland,Conditioner,1,270,0,1
Denmark,Detergent,2,88,1,0
Finland,Detergent,3,88,1,1
Sweden,Lotion,7,191,2,4
Norway,Shampoo,11,279,3,3
Sweden,Detergent,4,195,1,4
Finland,Shampoo,1,223,3,1
Sweden,Detergent,6,202,1,4
Sweden,Detergent,8,203,1,4
Finland,Detergent,6,70,1,1
Norway,Shampoo,3,226,3,3
Iceland,Detergent,10,162,1,2
Iceland,Lotion,9,138,2,2
Iceland,Soap,2,157,4,2
Norway,Detergent,5,204,1,3
Norway,Conditioner,7,157,0,3
Norway,Soap,10,120,4,3
Iceland,Conditioner,9,155,0,2
Denmark,Shampoo,3,223,3,0
Iceland,Toothpaste,4,217,5,2
Iceland,Toothpaste,3,213,5,2
Finland,Conditioner,9,209,0,1
Norway,Conditioner,5,154,0,3
Finland,Soap,2,238,4,1
Norway,Lotion,11,241,2,3
Sweden,Lotion,6,208,2,4
Denmark,Lotion,10,101,2,0
Finland,Lotion,6,73,2,1
Norway,Soap,6,104,4,3
Sweden,Lotion,10,175,2,4
Sweden,Soap,9,125,4,4
Denmark,Lotion,11,101,2,0
Sweden,Shampoo,5,254,3,4
Norway,Detergent,7,229,1,3
Finland,Conditioner,10,225,0,1
Sweden,Conditioner,8,100,0,4
Finland,Shampoo,9,188,3,1
Finland,Shampoo,4,166,3,1
Denmark,Lotion,12,90,2,0
Norway,Shampoo,4,211,3,3
Iceland,Conditioner,8,146,0,2
Norway,Toothpaste,5,106,5,3
Norway,Lotion,6,197,2,3
Norway,Shampoo,12,268,3,3
Norway,Detergent,3,191,1,3
Iceland,Detergent,5,147,1,2
Denmark,Detergent,6,100,1,0
Finland,Detergent,4,96,1,1
Iceland,Detergent,2,157,1,2
Denmark,Toothpaste,10,103,5,0
Iceland,Detergent,7,169,1,2
Iceland,Detergent,9,136,1,2
Denmark,Shampoo,7,216,3,0
Norway,Soap,11,126,4,3
Denmark,Detergent,9,106,1,0
Iceland,Detergent,2,144,1,2
Finland,Detergent,11,104,1,1
Sweden,Toothpaste,6,129,5,4
Denmark,Toothpaste,7,103,5,0
Finland,Soap,1,253,4,1
Norway,Toothpaste,4,121,5,3
Iceland,Shampoo,1,230,3,2
Finland,Lotion,2,91,2,1
Denmark,Detergent,4,108,1,0
Sweden,Soap,7,123,4,4
Norway,Detergent,2,194,1,3
Finland,Detergent,5,87,1,1
Finland,Lotion,4,85,2,1
Norway,Soap,1,124,4,3
Finland,Lotion,8,119,2,1
Finland,Shampoo,5,193,3,1
Denmark,Lotion,9,83,2,0
Norway,Soap,12,130,4,3
Norway,Lotion,8,216,2,3
Finland,Detergent,12,78,1,1
Sweden,Shampoo,7,237,3,4
Iceland,Lotion,12,170,2,2
Finland,Soap,4,211,4,1
Sweden,Shampoo,1,301,3,4
Iceland,Toothpaste,9,211,5,2
Iceland,Toothpaste,10,220,5,2
Sweden,Toothpaste,7,116,5,4
Finland,Detergent,1,98,1,1
Denmark,Lotion,7,66,2,0
Iceland,Detergent,3,148,1,2
Iceland,Soap,6,169,4,2
Denmark,Shampoo,11,258,3,0
Iceland,Detergent,12,197,1,2
Norway,Shampoo,1,250,3,3
